id,name
t1,5:00am - 5:05am
t2,5:05am - 5:10am
t3,5:10am - 5:15am
t4,5:15am - 5:20am
t5,5:20am - 5:25am
t6,5:25am - 5:30am
t7,5:30am - 5:35am
t8,5:35am - 5:40am
t9,5:40am - 5:45am
t10,5:45am - 5:50am
t11,5:50am - 5:55am
t12,5:55am - 6:00am
t13,6:00am - 6:05am
t14,6:05am - 6:10am
t15,6:10am - 6:15am
t16,6:15am - 6:20am
t17,6:20am - 6:25am
t18,6:25am - 6:30am
t19,6:30am - 6:35am
t20,6:35am - 6:40am
t21,6:40am - 6:45am
t22,6:45am - 6:50am
t23,6:50am - 6:55am
t24,6:55am - 7:00am
t25,7:00am - 7:05am
t26,7:05am - 7:10am
t27,7:10am - 7:15am
t28,7:15am - 7:20am
t29,7:20am - 7:25am
t30,7:25am - 7:30am
t31,7:30am - 7:35am
t32,7:35am - 7:40am
t33,7:40am - 7:45am
t34,7:45am - 7:50am
t35,7:50am - 7:55am
t36,7:55am - 8:00am
t37,8:00am - 8:05am
t38,8:05am - 8:10am
t39,8:10am - 8:15am
t40,8:15am - 8:20am
t41,8:20am - 8:25am
t42,8:25am - 8:30am
t43,8:30am - 8:35am
t44,8:35am - 8:40am
t45,8:40am - 8:45am
t46,8:45am - 8:50am
t47,8:50am - 8:55am
t48,8:55am - 9:00am
t49,9:00am - 9:05am
t50,9:05am - 9:10am
t51,9:10am - 9:15am
t52,9:15am - 9:20am
t53,9:20am - 9:25am
t54,9:25am - 9:30am
t55,9:30am - 9:35am
t56,9:35am - 9:40am
t57,9:40am - 9:45am
t58,9:45am - 9:50am
t59,9:50am - 9:55am
t60,9:55am - 10:00am
t61,10:00am - 10:05am
t62,10:05am - 10:10am
t63,10:10am - 10:15am
t64,10:15am - 10:20am
t65,10:20am - 10:25am
t66,10:25am - 10:30am
t67,10:30am - 10:35am
t68,10:35am - 10:40am
t69,10:40am - 10:45am
t70,10:45am - 10:50am
t71,10:50am - 10:55am
t72,10:55am - 11:00am
t73,11:00am - 11:05am
t74,11:05am - 11:10am
t75,11:10am - 11:15am
t76,11:15am - 11:20am
t77,11:20am - 11:25am
t78,11:25am - 11:30am
t79,11:30am - 11:35am
t80,11:35am - 11:40am
t81,11:40am - 11:45am
t82,11:45am - 11:50am
t83,11:50am - 11:55am
t84,11:55am - 12:00pm
t85,12:00pm - 12:05pm
t86,12:05pm - 12:10pm
t87,12:10pm - 12:15pm
t88,12:15pm - 12:20pm
t89,12:20pm - 12:25pm
t90,12:25pm - 12:30pm
t91,12:30pm - 12:35pm
t92,12:35pm - 12:40pm
t93,12:40pm - 12:45pm
t94,12:45pm - 12:50pm
t95,12:50pm - 12:55pm
t96,12:55pm - 1:00pm
t97,1:00pm - 1:05pm
t98,1:05pm - 1:10pm
t99,1:10pm - 1:15pm
t100,1:15pm - 1:20pm
t101,1:20pm - 1:25pm
t102,1:25pm - 1:30pm
t103,1:30pm - 1:35pm
t104,1:35pm - 1:40pm
t105,1:40pm - 1:45pm
t106,1:45pm - 1:50pm
t107,1:50pm - 1:55pm
t108,1:55pm - 2:00pm
t109,2:00pm - 2:05pm
t110,2:05pm - 2:10pm
t111,2:10pm - 2:15pm
t112,2:15pm - 2:20pm
t113,2:20pm - 2:25pm
t114,2:25pm - 2:30pm
t115,2:30pm - 2:35pm
t116,2:35pm - 2:40pm
t117,2:40pm - 2:45pm
t118,2:45pm - 2:50pm
t119,2:50pm - 2:55pm
t120,2:55pm - 3:00pm
t121,3:00pm - 3:05pm
t122,3:05pm - 3:10pm
t123,3:10pm - 3:15pm
t124,3:15pm - 3:20pm
t125,3:20pm - 3:25pm
t126,3:25pm - 3:30pm
t127,3:30pm - 3:35pm
t128,3:35pm - 3:40pm
t129,3:40pm - 3:45pm
t130,3:45pm - 3:50pm
t131,3:50pm - 3:55pm
t132,3:55pm - 4:00pm
t133,4:00pm - 4:05pm
t134,4:05pm - 4:10pm
t135,4:10pm - 4:15pm
t136,4:15pm - 4:20pm
t137,4:20pm - 4:25pm
t138,4:25pm - 4:30pm
t139,4:30pm - 4:35pm
t140,4:35pm - 4:40pm
t141,4:40pm - 4:45pm
t142,4:45pm - 4:50pm
t143,4:50pm - 4:55pm
t144,4:55pm - 5:00pm
t145,5:00pm - 5:05pm
t146,5:05pm - 5:10pm
t147,5:10pm - 5:15pm
t148,5:15pm - 5:20pm
t149,5:20pm - 5:25pm
t150,5:25pm - 5:30pm
t151,5:30pm - 5:35pm
t152,5:35pm - 5:40pm
t153,5:40pm - 5:45pm
t154,5:45pm - 5:50pm
t155,5:50pm - 5:55pm
t156,5:55pm - 6:00pm
t157,6:00pm - 6:05pm
t158,6:05pm - 6:10pm
t159,6:10pm - 6:15pm
t160,6:15pm - 6:20pm
t161,6:20pm - 6:25pm
t162,6:25pm - 6:30pm
t163,6:30pm - 6:35pm
t164,6:35pm - 6:40pm
t165,6:40pm - 6:45pm
t166,6:45pm - 6:50pm
t167,6:50pm - 6:55pm
t168,6:55pm - 7:00pm
t169,7:00pm - 7:05pm
t170,7:05pm - 7:10pm
t171,7:10pm - 7:15pm
t172,7:15pm - 7:20pm
t173,7:20pm - 7:25pm
t174,7:25pm - 7:30pm
t175,7:30pm - 7:35pm
t176,7:35pm - 7:40pm
t177,7:40pm - 7:45pm
t178,7:45pm - 7:50pm
t179,7:50pm - 7:55pm
t180,7:55pm - 8:00pm
t181,8:00pm - 8:05pm
t182,8:05pm - 8:10pm
t183,8:10pm - 8:15pm
t184,8:15pm - 8:20pm
t185,8:20pm - 8:25pm
t186,8:25pm - 8:30pm
t187,8:30pm - 8:35pm
t188,8:35pm - 8:40pm
t189,8:40pm - 8:45pm
t190,8:45pm - 8:50pm
t191,8:50pm - 8:55pm
t192,8:55pm - 9:00pm
t193,9:00pm - 9:05pm
t194,9:05pm - 9:10pm
t195,9:10pm - 9:15pm
t196,9:15pm - 9:20pm
t197,9:20pm - 9:25pm
t198,9:25pm - 9:30pm
t199,9:30pm - 9:35pm
t200,9:35pm - 9:40pm
t201,9:40pm - 9:45pm
t202,9:45pm - 9:50pm
t203,9:50pm - 9:55pm
t204,9:55pm - 10:00pm